datetime,field_tds,ph,tank_tds,water_temp
2024-11-21 00:01:26,1203.11316,6.93293,1396.98926,27.49375
2024-11-21 00:01:26,1203.11316,6.93293,1396.98926,27.49375
2024-11-21 00:03:26,1205.67676,6.93164,1397.34338,27.49375
2024-11-21 00:03:26,1205.67676,6.93164,1397.34338,27.49375
2024-11-21 00:05:29,1203.86462,6.93199,1398.31543,27.46875
2024-11-21 00:05:29,1203.86462,6.93199,1398.31543,27.46875
2024-11-21 00:07:26,1204.30273,6.93064,1399.64319,27.47187
2024-11-21 00:07:26,1204.30273,6.93064,1399.64319,27.47187
2024-11-21 00:09:27,1202.12488,6.92989,1398.73853,27.45938
2024-11-21 00:09:27,1202.12488,6.92989,1398.73853,27.45938
2024-11-21 00:11:28,1201.02869,6.93169,1398.97485,27.44062
2024-11-21 00:11:28,1201.02869,6.93169,1398.97485,27.44062
2024-11-21 00:13:28,1197.78589,6.93623,1397.44519,27.4375
2024-11-21 00:13:28,1197.78589,6.93623,1397.44519,27.4375
2024-11-21 00:15:29,1200.21204,6.93046,1395.48853,27.44062
2024-11-21 00:15:29,1200.21204,6.93046,1395.48853,27.44062
2024-11-21 00:17:31,1195.41333,6.93215,1393.86963,27.4375
2024-11-21 00:17:31,1195.41333,6.93215,1393.86963,27.4375
2024-11-21 00:19:29,1199.11841,6.92877,1396.50623,27.4375
2024-11-21 00:19:29,1199.11841,6.92877,1396.50623,27.4375
2024-11-21 00:21:30,1200.21509,6.93048,1396.7373,27.42188
2024-11-21 00:21:30,1200.21509,6.93048,1396.7373,27.42188
2024-11-21 00:23:29,1201.79004,6.92924,1398.50391,27.4125
2024-11-21 00:23:29,1201.79004,6.92924,1398.50391,27.4125
2024-11-21 00:25:30,1199.7655,6.93011,1397.74756,27.42188
2024-11-21 00:25:30,1199.7655,6.93011,1397.74756,27.42188
2024-11-21 00:27:30,1197.62598,6.93044,1397.79077,27.41875
2024-11-21 00:27:30,1197.62598,6.93044,1397.79077,27.41875
2024-11-21 00:29:30,1196.87073,6.92994,1398.55078,27.39375
2024-11-21 00:29:30,1196.87073,6.92994,1398.55078,27.39375
2024-11-21 00:31:30,1198.68665,6.9323,1396.98682,27.375
2024-11-21 00:31:30,1198.68665,6.9323,1396.98682,27.375
2024-11-21 00:33:30,1195.97363,6.93336,1395.65332,27.36875
2024-11-21 00:33:30,1195.97363,6.93336,1395.65332,27.36875
2024-11-21 00:35:30,1197.95349,6.93396,1392.92761,27.36875
2024-11-21 00:35:30,1197.95349,6.93396,1392.92761,27.36875
2024-11-21 00:37:31,1192.20886,6.93519,1391.27148,27.34063
2024-11-21 00:37:31,1192.20886,6.93519,1391.27148,27.34063
2024-11-21 00:39:31,1191.99023,6.93641,1388.04712,27.34687
2024-11-21 00:39:31,1191.99023,6.93641,1388.04712,27.34687
2024-11-21 00:41:31,1193.90588,6.93398,1389.32019,27.31875
2024-11-21 00:41:31,1193.90588,6.93398,1389.32019,27.31875
2024-11-21 00:43:31,1193.46936,6.93673,1391.06897,27.3125
2024-11-21 00:43:31,1193.46936,6.93673,1391.06897,27.3125
2024-11-21 00:45:31,1191.46497,6.9336,1392.21863,27.3125
2024-11-21 00:45:31,1191.46497,6.9336,1392.21863,27.3125
2024-11-21 00:47:32,1190.30359,6.93361,1391.52539,27.30938
2024-11-21 00:47:32,1190.30359,6.93361,1391.52539,27.30938
2024-11-21 00:49:33,1190.43433,6.93617,1393.27588,27.29062
2024-11-21 00:49:33,1190.43433,6.93617,1393.27588,27.29062
2024-11-21 00:51:34,1190.349,6.93519,1394.91248,27.30313
2024-11-21 00:51:34,1190.349,6.93519,1394.91248,27.30313
2024-11-21 00:53:34,1187.2135,6.93499,1392.58057,27.30625
2024-11-21 00:53:34,1187.2135,6.93499,1392.58057,27.30625
2024-11-21 00:55:36,1188.72925,6.93746,1395.32556,27.26875
2024-11-21 00:55:36,1188.72925,6.93746,1395.32556,27.26875
2024-11-21 00:57:34,1187.8833,6.93547,1397.34424,27.25625
2024-11-21 00:57:34,1187.8833,6.93547,1397.34424,27.25625
2024-11-21 00:59:34,1187.70166,6.93701,1397.58325,27.25
2024-11-21 00:59:34,1187.70166,6.93701,1397.58325,27.25
2024-11-21 01:01:34,1188.67151,6.93557,1396.99255,27.22812
2024-11-21 01:01:34,1188.67151,6.93557,1396.99255,27.22812
2024-11-21 01:03:34,1186.88,6.93549,1398.7998,27.20312
2024-11-21 01:03:34,1186.88,6.93549,1398.7998,27.20312
2024-11-21 01:05:37,1190.31873,6.93642,1398.5437,27.1875
2024-11-21 01:05:37,1190.31873,6.93642,1398.5437,27.1875
2024-11-21 01:07:38,1189.67297,6.93813,1397.94678,27.18438
2024-11-21 01:07:38,1189.67297,6.93813,1397.94678,27.18438
2024-11-21 01:09:39,1189.86951,6.93468,1395.83289,27.17813
2024-11-21 01:09:39,1189.86951,6.93468,1395.83289,27.17813
2024-11-21 01:11:38,1188.95068,6.93486,1392.32495,27.14375
2024-11-21 01:11:38,1188.95068,6.93486,1392.32495,27.14375
2024-11-21 01:13:38,1188.34753,6.93461,1386.9436,27.125
2024-11-21 01:13:38,1188.34753,6.93461,1386.9436,27.125
2024-11-21 01:15:39,1188.87598,6.93448,1388.41821,27.125
2024-11-21 01:15:39,1188.87598,6.93448,1388.41821,27.125
2024-11-21 01:17:39,1189.23755,6.93275,1385.19946,27.11875
2024-11-21 01:17:39,1189.23755,6.93275,1385.19946,27.11875
2024-11-21 01:19:39,1189.63916,6.93344,1385.62402,27.09063
2024-11-21 01:19:39,1189.63916,6.93344,1385.62402,27.09063
2024-11-21 01:21:39,1188.33728,6.93259,1386.61926,27.09687
2024-11-21 01:21:39,1188.33728,6.93259,1386.61926,27.09687
2024-11-21 01:23:39,1190.53674,6.93273,1390.61792,27.0625
2024-11-21 01:23:39,1190.53674,6.93273,1390.61792,27.0625
2024-11-21 01:25:39,1188.73315,6.9305,1392.31494,27.0625
2024-11-21 01:25:39,1188.73315,6.9305,1392.31494,27.0625
2024-11-21 01:27:39,1187.44849,6.93036,1392.17725,27.0625
2024-11-21 01:27:39,1187.44849,6.93036,1392.17725,27.0625
2024-11-21 01:29:40,1186.12964,6.92917,1394.82324,27.05625
2024-11-21 01:29:40,1186.12964,6.92917,1394.82324,27.05625
2024-11-21 01:31:41,1186.90356,6.93054,1397.81873,27.04062
2024-11-21 01:31:41,1186.90356,6.93054,1397.81873,27.04062
2024-11-21 01:33:40,1187.4801,6.93159,1395.56067,27.025
2024-11-21 01:33:40,1187.4801,6.93159,1395.56067,27.025
2024-11-21 01:35:40,1188.20093,6.93076,1398.57104,27
2024-11-21 01:35:40,1188.20093,6.93076,1398.57104,27
2024-11-21 01:37:41,1185.31018,6.93115,1398.8031,27.00625
2024-11-21 01:37:41,1185.31018,6.93115,1398.8031,27.00625
2024-11-21 01:39:42,1187.5415,6.93256,1396.21289,27
2024-11-21 01:39:42,1187.5415,6.93256,1396.21289,27
2024-11-21 01:41:43,1186.90894,6.92926,1397.552,26.99375
2024-11-21 01:41:43,1186.90894,6.92926,1397.552,26.99375
2024-11-21 01:43:42,1188.55444,6.92982,1393.57642,26.94687
2024-11-21 01:43:42,1188.55444,6.92982,1393.57642,26.94687
2024-11-21 01:45:43,1189.08118,6.92909,1383.77673,26.96875
2024-11-21 01:45:43,1189.08118,6.92909,1383.77673,26.96875
2024-11-21 01:47:43,1188.98218,6.93223,1382.79675,26.94062
2024-11-21 01:47:43,1188.98218,6.93223,1382.79675,26.94062
2024-11-21 01:49:43,1184.27087,6.93275,1381.09314,26.9375
2024-11-21 01:49:43,1184.27087,6.93275,1381.09314,26.9375
2024-11-21 01:51:43,1184.72241,6.93444,1380.73083,26.9375
2024-11-21 01:51:43,1184.72241,6.93444,1380.73083,26.9375
2024-11-21 01:53:44,1185.87805,6.93422,1383.23999,26.9375
2024-11-21 01:53:44,1185.87805,6.93422,1383.23999,26.9375
2024-11-21 01:55:44,1185.01599,6.93388,1382.81409,26.90313
2024-11-21 01:55:44,1185.01599,6.93388,1382.81409,26.90313
2024-11-21 01:57:44,1182.91321,6.9328,1384.65332,26.90313
2024-11-21 01:57:44,1182.91321,6.9328,1384.65332,26.90313
2024-11-21 01:59:45,1181.90771,6.93279,1385.17029,26.91562
2024-11-21 01:59:45,1181.90771,6.93279,1385.17029,26.91562
2024-11-21 02:01:44,1182.22864,6.93281,1387.41821,26.89062
2024-11-21 02:01:44,1182.22864,6.93281,1387.41821,26.89062
2024-11-21 02:03:44,1180.50378,6.93356,1390.86255,26.8875
2024-11-21 02:03:44,1180.50378,6.93356,1390.86255,26.8875
2024-11-21 02:05:44,1178.99451,6.93521,1391.2511,26.875
2024-11-21 02:05:44,1178.99451,6.93521,1391.2511,26.875
2024-11-21 02:07:45,1177.10657,6.93356,1392.69897,26.875
2024-11-21 02:07:45,1177.10657,6.93356,1392.69897,26.875
2024-11-21 02:09:45,1179.20605,6.93566,1392.41125,26.86563
2024-11-21 02:09:45,1179.20605,6.93566,1392.41125,26.86563
2024-11-21 02:11:45,1178.54724,6.9332,1391.8053,26.85
2024-11-21 02:11:45,1178.54724,6.9332,1391.8053,26.85
2024-11-21 02:13:46,1180.52698,6.93343,1389.55408,26.8375
2024-11-21 02:13:46,1180.52698,6.93343,1389.55408,26.8375
2024-11-21 02:15:48,1178.9364,6.93634,1386.35437,26.81562
2024-11-21 02:15:48,1178.9364,6.93634,1386.35437,26.81562
2024-11-21 02:17:48,1179.86145,6.93754,1385.1394,26.8125
2024-11-21 02:17:48,1179.86145,6.93754,1385.1394,26.8125
2024-11-21 02:19:47,1179.66821,6.9349,1383.03589,26.82187
2024-11-21 02:19:47,1179.66821,6.9349,1383.03589,26.82187
2024-11-21 02:21:48,1180.18884,6.93492,1382.40356,26.81562
2024-11-21 02:21:48,1180.18884,6.93492,1382.40356,26.81562
2024-11-21 02:23:48,1179.43494,6.93601,1381.54883,26.8125
2024-11-21 02:23:48,1179.43494,6.93601,1381.54883,26.8125
2024-11-21 02:25:48,1175.32031,6.93558,1381.57898,26.80313
2024-11-21 02:25:48,1175.32031,6.93558,1381.57898,26.80313
2024-11-21 02:27:48,1174.84412,6.93359,1383.06665,26.80938
2024-11-21 02:27:48,1174.84412,6.93359,1383.06665,26.80938
2024-11-21 02:29:49,1173.62988,6.93546,1382.83875,26.8125
2024-11-21 02:29:49,1173.62988,6.93546,1382.83875,26.8125
2024-11-21 02:31:49,1170.98755,6.93534,1383.04907,26.79375
2024-11-21 02:31:49,1170.98755,6.93534,1383.04907,26.79375
2024-11-21 02:33:48,1170.89563,6.9381,1383.0752,26.80938
2024-11-21 02:33:48,1170.89563,6.9381,1383.0752,26.80938
2024-11-21 02:35:49,1169.552,6.93585,1381.56689,26.8125
2024-11-21 02:35:49,1169.552,6.93585,1381.56689,26.8125
2024-11-21 02:37:50,1171.21289,6.93487,1380.34192,26.80938
2024-11-21 02:37:50,1171.21289,6.93487,1380.34192,26.80938
2024-11-21 02:39:50,1170.82898,6.93698,1383.16772,26.80313
2024-11-21 02:39:50,1170.82898,6.93698,1383.16772,26.80313
2024-11-21 02:41:49,1172.72559,6.93515,1384.61426,26.80313
2024-11-21 02:41:49,1172.72559,6.93515,1384.61426,26.80313
2024-11-21 02:43:51,1170.68262,6.934,1383.15503,26.7875
2024-11-21 02:43:51,1170.68262,6.934,1383.15503,26.7875
2024-11-21 02:45:51,1168.11487,6.93717,1384.19702,26.75625
2024-11-21 02:45:51,1168.11487,6.93717,1384.19702,26.75625
2024-11-21 02:47:52,1167.76343,6.93976,1379.29688,26.75
2024-11-21 02:47:52,1167.76343,6.93976,1379.29688,26.75
2024-11-21 02:49:52,1168.84766,6.93693,1380.47864,26.75
2024-11-21 02:49:52,1168.84766,6.93693,1380.47864,26.75
2024-11-21 02:51:53,1168.07715,6.93674,1374.69373,26.75625
2024-11-21 02:51:53,1168.07715,6.93674,1374.69373,26.75625
2024-11-21 02:53:52,1170.00952,6.93558,1368.85889,26.75
2024-11-21 02:53:52,1170.00952,6.93558,1368.85889,26.75
2024-11-21 02:55:52,1169.71399,6.93587,1365.31665,26.69687
2024-11-21 02:55:52,1169.71399,6.93587,1365.31665,26.69687
2024-11-21 02:57:52,1168.36743,6.93753,1368.19897,26.6875
2024-11-21 02:57:52,1168.36743,6.93753,1368.19897,26.6875
2024-11-21 02:59:53,1167.99988,6.93678,1368.30237,26.69375
2024-11-21 02:59:53,1167.99988,6.93678,1368.30237,26.69375
2024-11-21 03:01:53,1166.4574,6.9369,1374.36426,26.69062
2024-11-21 03:01:53,1166.4574,6.9369,1374.36426,26.69062
2024-11-21 03:03:54,1164.58923,6.93317,1372.04272,26.68438
2024-11-21 03:03:54,1164.58923,6.93317,1372.04272,26.68438
2024-11-21 03:05:53,1169.24963,6.93438,1375.04541,26.63437
2024-11-21 03:05:53,1169.24963,6.93438,1375.04541,26.63437
2024-11-21 03:07:53,1168.83789,6.93414,1371.36987,26.625
2024-11-21 03:07:53,1168.83789,6.93414,1371.36987,26.625
2024-11-21 03:09:54,1166.31335,6.9341,1366.26221,26.625
2024-11-21 03:09:54,1166.31335,6.9341,1366.26221,26.625
2024-11-21 03:11:55,1166.51428,6.93375,1378.41846,26.62812
2024-11-21 03:11:55,1166.51428,6.93375,1378.41846,26.62812
2024-11-21 03:13:54,1167.51648,6.93489,1375.49695,26.61875
2024-11-21 03:13:54,1167.51648,6.93489,1375.49695,26.61875
2024-11-21 03:15:56,1163.56763,6.93648,1378.07825,26.61875
2024-11-21 03:15:56,1163.56763,6.93648,1378.07825,26.61875
2024-11-21 03:17:55,1165.2019,6.93518,1374.88879,26.61875
2024-11-21 03:17:55,1165.2019,6.93518,1374.88879,26.61875
2024-11-21 03:19:55,1163.27991,6.93641,1373.38208,26.57812
2024-11-21 03:19:55,1163.27991,6.93641,1373.38208,26.57812
2024-11-21 03:21:55,1166.02649,6.93477,1374.29822,26.56875
2024-11-21 03:21:55,1166.02649,6.93477,1374.29822,26.56875
2024-11-21 03:23:56,1162.18127,6.93828,1367.61719,26.5625
2024-11-21 03:23:56,1162.18127,6.93828,1367.61719,26.5625
2024-11-21 03:25:56,1166.96509,6.93467,1369.98083,26.55938
2024-11-21 03:25:56,1166.96509,6.93467,1369.98083,26.55938
2024-11-21 03:27:57,1164.13562,6.93498,1370.59314,26.5625
2024-11-21 03:27:57,1164.13562,6.93498,1370.59314,26.5625
2024-11-21 03:29:56,1161.50989,6.93618,1373.52917,26.54062
2024-11-21 03:29:56,1161.50989,6.93618,1373.52917,26.54062
2024-11-21 03:31:58,1163.9292,6.93528,1372.53931,26.50312
2024-11-21 03:31:58,1163.9292,6.93528,1372.53931,26.50312
2024-11-21 03:33:59,1164.9895,6.93673,1373.38428,26.50625
2024-11-21 03:33:59,1164.9895,6.93673,1373.38428,26.50625
2024-11-21 03:35:57,1165.5929,6.93346,1379.27344,26.5
2024-11-21 03:35:57,1165.5929,6.93346,1379.27344,26.5
2024-11-21 03:37:57,1160.37256,6.93466,1380.49976,26.5
2024-11-21 03:37:57,1160.37256,6.93466,1380.49976,26.5
2024-11-21 03:39:58,1161.41687,6.93465,1382.67017,26.49375
2024-11-21 03:39:58,1161.41687,6.93465,1382.67017,26.49375
2024-11-21 03:41:57,1160.65381,6.93468,1385.04919,26.475
2024-11-21 03:41:57,1160.65381,6.93468,1385.04919,26.475
2024-11-21 03:43:58,1161.19604,6.93413,1384.70996,26.45
2024-11-21 03:43:58,1161.19604,6.93413,1384.70996,26.45
2024-11-21 03:45:59,1161.74719,6.93187,1381.31592,26.4375
2024-11-21 03:45:59,1161.74719,6.93187,1381.31592,26.4375
2024-11-21 03:47:59,1158.63367,6.933,1379.67297,26.4375
2024-11-21 03:47:59,1158.63367,6.933,1379.67297,26.4375
2024-11-21 03:50:00,1160.75464,6.93068,1377.73267,26.4375
2024-11-21 03:50:00,1160.75464,6.93068,1377.73267,26.4375
2024-11-21 03:52:00,1157.72437,6.93451,1374.65625,26.41562
2024-11-21 03:52:00,1157.72437,6.93451,1374.65625,26.41562
2024-11-21 03:54:00,1157.3009,6.93269,1374.21448,26.42813
2024-11-21 03:54:00,1157.3009,6.93269,1374.21448,26.42813
2024-11-21 03:56:01,1157.8606,6.93277,1377.61829,26.3875
2024-11-21 03:56:01,1157.8606,6.93277,1377.61829,26.3875
2024-11-21 03:58:00,1157.0509,6.93214,1380.28235,26.38125
2024-11-21 03:58:00,1157.0509,6.93214,1380.28235,26.38125
2024-11-21 04:00:01,1156.63989,6.93196,1381.94458,26.375
2024-11-21 04:00:01,1156.63989,6.93196,1381.94458,26.375
2024-11-21 04:02:01,1155.12842,6.93824,1380.94995,26.38125
2024-11-21 04:02:01,1155.12842,6.93824,1380.94995,26.38125
2024-11-21 04:04:02,1157.21118,6.93113,1374.06494,26.375
2024-11-21 04:04:02,1157.21118,6.93113,1374.06494,26.375
2024-11-21 04:06:01,1154.54846,6.93118,1376.15796,26.375
2024-11-21 04:06:01,1154.54846,6.93118,1376.15796,26.375
2024-11-21 04:08:02,1154.86841,6.93203,1377.57092,26.375
2024-11-21 04:08:02,1154.86841,6.93203,1377.57092,26.375
2024-11-21 04:10:01,1155.63843,6.93256,1380.17493,26.37188
2024-11-21 04:10:01,1155.63843,6.93256,1380.17493,26.37188
2024-11-21 04:12:03,1150.48499,6.93336,1375.28943,26.35312
2024-11-21 04:12:03,1150.48499,6.93336,1375.28943,26.35312
2024-11-21 04:14:03,1151.13501,6.93177,1371.48755,26.35312
2024-11-21 04:14:03,1151.13501,6.93177,1371.48755,26.35312
2024-11-21 04:16:03,1153.88,6.93258,1370.68384,26.35938
2024-11-21 04:16:03,1153.88,6.93258,1370.68384,26.35938
2024-11-21 04:18:04,1151.05957,6.93388,1369.48376,26.34063
2024-11-21 04:18:04,1151.05957,6.93388,1369.48376,26.34063
2024-11-21 04:20:03,1152.98804,6.93204,1371.77527,26.32812
2024-11-21 04:20:03,1152.98804,6.93204,1371.77527,26.32812
2024-11-21 04:22:04,1151.8656,6.93037,1372.60474,26.3125
2024-11-21 04:22:04,1151.8656,6.93037,1372.60474,26.3125
2024-11-21 04:26:05,1149.77759,6.93132,1373.46655,26.3125
2024-11-21 04:26:05,1149.77759,6.93132,1373.46655,26.3125
2024-11-21 04:28:04,1148.26404,6.93094,1368.70972,26.3125
2024-11-21 04:28:04,1148.26404,6.93094,1368.70972,26.3125
2024-11-21 04:30:06,1144.72205,6.93194,1341.61816,26.3125
2024-11-21 04:30:06,1144.72205,6.93194,1341.61816,26.3125
2024-11-21 04:32:05,1145.98669,6.92839,1348.20923,26.3125
2024-11-21 04:32:05,1145.98669,6.92839,1348.20923,26.3125
2024-11-21 04:34:07,1147.13171,6.92907,1347.81873,26.30938
2024-11-21 04:34:07,1147.13171,6.92907,1347.81873,26.30938
2024-11-21 04:36:05,2148.35352,6.9274,2099.02783,10.975
2024-11-21 04:36:05,2148.35352,6.9274,2099.02783,10.975
2024-11-21 04:38:05,1167.98608,6.92659,1266.40393,18.61875
2024-11-21 04:38:05,1167.98608,6.92659,1266.40393,18.61875
2024-11-21 04:40:05,1712.94751,6.9269,1656.94666,18.59687
2024-11-21 04:40:05,1712.94751,6.9269,1656.94666,18.59687
2024-11-21 04:42:05,1593.29077,6.92816,1547.40381,26.275
2024-11-21 04:42:05,1593.29077,6.92816,1547.40381,26.275
2024-11-21 04:44:05,1329.08765,6.92677,1371.9718,26.25
2024-11-21 04:44:05,1329.08765,6.92677,1371.9718,26.25
2024-11-21 04:46:05,1128.04785,6.92743,1238.29846,26.25625
2024-11-21 04:46:05,1128.04785,6.92743,1238.29846,26.25625
2024-11-21 04:48:05,1394.83838,6.92669,1414.13025,18.5875
2024-11-21 04:48:05,1394.83838,6.92669,1414.13025,18.5875
2024-11-21 04:50:05,1325.98914,6.92921,1371.92041,26.25
2024-11-21 04:50:05,1325.98914,6.92921,1371.92041,26.25
2024-11-21 04:52:05,1134.37988,6.92778,1247.85181,26.25
2024-11-21 04:52:05,1134.37988,6.92778,1247.85181,26.25
2024-11-21 04:54:05,1129.40356,6.92716,1246.29126,26.24063
2024-11-21 04:54:05,1129.40356,6.92716,1246.29126,26.24063
2024-11-21 04:56:05,1127.59485,6.9261,1249.84021,26.24688
2024-11-21 04:56:05,1127.59485,6.9261,1249.84021,26.24688
2024-11-21 04:58:05,1128.01318,6.92794,1244.28821,26.25
2024-11-21 04:58:05,1128.01318,6.92794,1244.28821,26.25
2024-11-21 05:00:05,1406.33533,6.927,1428.38025,18.56875
2024-11-21 05:00:05,1406.33533,6.927,1428.38025,18.56875
2024-11-21 05:02:05,1126.57288,6.92961,1242.58521,26.25
2024-11-21 05:02:05,1126.57288,6.92961,1242.58521,26.25
2024-11-21 05:04:05,1131.56201,6.92776,1265.32678,26.25
2024-11-21 05:04:05,1131.56201,6.92776,1265.32678,26.25
2024-11-21 05:06:05,1211.38745,6.92877,1312.16931,26.25
2024-11-21 05:06:05,1211.38745,6.92877,1312.16931,26.25
2024-11-21 05:08:05,1126.49561,6.92858,1246.34888,26.24063
2024-11-21 05:08:05,1126.49561,6.92858,1246.34888,26.24063
2024-11-21 05:10:05,1127.01855,6.92759,1237.82166,26.2125
2024-11-21 05:10:05,1127.01855,6.92759,1237.82166,26.2125
2024-11-21 05:12:05,1123.72424,6.92832,1222.3186,26.23125
2024-11-21 05:12:05,1123.72424,6.92832,1222.3186,26.23125
2024-11-21 05:14:05,1304.27625,6.92683,1332.7052,26.25
2024-11-21 05:14:05,1304.27625,6.92683,1332.7052,26.25
2024-11-21 05:16:05,1193.36279,6.926,1254.9856,26.20938
2024-11-21 05:16:05,1193.36279,6.926,1254.9856,26.20938
2024-11-21 05:18:05,1258.31213,6.928,1282.89905,26.20938
2024-11-21 05:18:05,1258.31213,6.928,1282.89905,26.20938
2024-11-21 05:20:05,1353.59045,6.92633,1335.98328,18.52813
2024-11-21 05:20:05,1353.59045,6.92633,1335.98328,18.52813
2024-11-21 05:22:05,1384.80994,6.92635,1348.58118,26.20312
2024-11-21 05:22:05,1384.80994,6.92635,1348.58118,26.20312
2024-11-21 05:24:05,1118.81396,6.92718,1176.72009,26.225
2024-11-21 05:24:05,1118.81396,6.92718,1176.72009,26.225
2024-11-21 05:26:05,1485.95435,6.92863,1405.4657,18.54375
2024-11-21 05:26:05,1485.95435,6.92863,1405.4657,18.54375
2024-11-21 05:28:05,1413.98828,6.928,1354.68323,18.55313
2024-11-21 05:28:05,1413.98828,6.928,1354.68323,18.55313
2024-11-21 05:30:05,1254.25708,6.92501,1307.87769,18.575
2024-11-21 05:30:05,1254.25708,6.92501,1307.87769,18.575
2024-11-21 05:32:05,1796.2666,6.92371,1689.21228,26.25
2024-11-21 05:32:05,1796.2666,6.92371,1689.21228,26.25
2024-11-21 05:34:05,1122.23669,6.92531,1193.82971,26.25
2024-11-21 05:34:05,1122.23669,6.92531,1193.82971,26.25
2024-11-21 05:36:05,1121.17896,6.92522,1190.85376,26.25
2024-11-21 05:36:05,1121.17896,6.92522,1190.85376,26.25
2024-11-21 05:38:05,1432.02502,6.9267,1399.39673,18.60312
2024-11-21 05:38:05,1432.02502,6.9267,1399.39673,18.60312
2024-11-21 05:40:05,1121.19666,6.92611,1203.3573,26.25312
2024-11-21 05:40:05,1121.19666,6.92611,1203.3573,26.25312
2024-11-21 05:42:05,1119.12097,6.92302,1184.76746,26.28125
2024-11-21 05:42:05,1119.12097,6.92302,1184.76746,26.28125
2024-11-21 05:44:05,1133.66235,6.92538,1190.64966,26.30625
2024-11-21 05:44:05,1133.66235,6.92538,1190.64966,26.30625
2024-11-21 05:46:06,1117.37903,6.92618,1187.66382,26.30625
2024-11-21 05:46:06,1117.37903,6.92618,1187.66382,26.30625
2024-11-21 05:48:06,1119.58191,6.92509,1197.58044,26.3125
2024-11-21 05:48:06,1119.58191,6.92509,1197.58044,26.3125
2024-11-21 05:50:06,1493.50427,6.92611,1404.04712,10.9875
2024-11-21 05:50:06,1493.50427,6.92611,1404.04712,10.9875
2024-11-21 05:52:06,1412.77771,6.92517,1357.79175,18.65313
2024-11-21 05:52:06,1412.77771,6.92517,1357.79175,18.65313
2024-11-21 05:54:06,1117.29749,6.92548,1171.90186,26.31562
2024-11-21 05:54:06,1117.29749,6.92548,1171.90186,26.31562
2024-11-21 05:56:06,1294.15344,6.92599,1278.78284,18.69062
2024-11-21 05:56:06,1294.15344,6.92599,1278.78284,18.69062
2024-11-21 05:58:06,1195.79541,6.92514,1215.7511,18.69062
2024-11-21 05:58:06,1195.79541,6.92514,1215.7511,18.69062
2024-11-21 06:00:06,1212.95532,6.9261,1218.9729,26.36875
2024-11-21 06:00:06,1212.95532,6.9261,1218.9729,26.36875
2024-11-21 06:02:06,1281.1593,6.92531,1267.56824,11.0375
2024-11-21 06:02:06,1281.1593,6.92531,1267.56824,11.0375
2024-11-21 06:04:06,1341.95801,6.9275,1304.13306,26.375
2024-11-21 06:04:06,1341.95801,6.9275,1304.13306,26.375
2024-11-21 06:06:06,1341.42273,6.92568,1304.42212,18.70938
2024-11-21 06:06:06,1341.42273,6.92568,1304.42212,18.70938
2024-11-21 06:08:07,1113.23608,6.92647,1165.53638,26.40625
2024-11-21 06:08:07,1113.23608,6.92647,1165.53638,26.40625
2024-11-21 06:10:06,1895.52905,6.92482,1751.12695,18.75937
2024-11-21 06:10:06,1895.52905,6.92482,1751.12695,18.75937
2024-11-21 06:12:06,1192.87732,6.92602,1216.68225,18.77188
2024-11-21 06:12:06,1192.87732,6.92602,1216.68225,18.77188
2024-11-21 06:14:06,1626.08679,6.93191,1487.16699,11.14062
2024-11-21 06:14:06,1626.08679,6.93191,1487.16699,11.14062
2024-11-21 06:16:06,1801.13538,6.93051,1655.73608,11.14375
2024-11-21 06:16:06,1801.13538,6.93051,1655.73608,11.14375
2024-11-21 06:18:06,1108.23218,6.92696,1164.69788,26.5
2024-11-21 06:18:06,1108.23218,6.92696,1164.69788,26.5
2024-11-21 06:20:07,1455.93372,6.92627,1380.86121,18.85312
2024-11-21 06:20:07,1455.93372,6.92627,1380.86121,18.85312
2024-11-21 06:22:06,1236.55237,6.92522,1243.90942,26.5625
2024-11-21 06:22:06,1236.55237,6.92522,1243.90942,26.5625
2024-11-21 06:24:06,1282.62317,6.92746,1273.26733,26.5625
2024-11-21 06:24:06,1282.62317,6.92746,1273.26733,26.5625
2024-11-21 06:26:07,1103.93091,6.92522,1162.4718,26.59375
2024-11-21 06:26:07,1103.93091,6.92522,1162.4718,26.59375
2024-11-21 06:28:06,1215.7699,6.9272,1231.44873,26.625
2024-11-21 06:28:06,1215.7699,6.9272,1231.44873,26.625
2024-11-21 06:30:06,1480.67786,6.92476,1392.70532,26.6375
2024-11-21 06:30:06,1480.67786,6.92476,1392.70532,26.6375
2024-11-21 06:32:06,1680.41101,6.92599,1510.46045,11.31875
2024-11-21 06:32:06,1680.41101,6.92599,1510.46045,11.31875
2024-11-21 06:34:07,1643.0813,6.92541,1486.11841,26.6875
2024-11-21 06:34:07,1643.0813,6.92541,1486.11841,26.6875
2024-11-21 06:36:07,1194.52893,6.92581,1197.45435,26.74375
2024-11-21 06:36:07,1194.52893,6.92581,1197.45435,26.74375
2024-11-21 06:38:07,1094.32739,6.92461,1139.64978,26.75
2024-11-21 06:38:07,1094.32739,6.92461,1139.64978,26.75
2024-11-21 06:40:08,1196.21533,6.92639,1200.71533,19.08125
2024-11-21 06:40:08,1196.21533,6.92639,1200.71533,19.08125
2024-11-21 06:42:08,1099.15833,6.927,1136.6604,26.8125
2024-11-21 06:42:08,1099.15833,6.927,1136.6604,26.8125
2024-11-21 06:44:08,1097.48303,6.92667,1128.92273,26.8375
2024-11-21 06:44:08,1097.48303,6.92667,1128.92273,26.8375
2024-11-21 06:46:08,1111.61438,6.92763,1137.86987,26.875
2024-11-21 06:46:08,1111.61438,6.92763,1137.86987,26.875
2024-11-21 06:48:08,1254.11328,6.92611,1224.03589,26.92813
2024-11-21 06:48:08,1254.11328,6.92611,1224.03589,26.92813
2024-11-21 06:50:08,1336.33362,6.92592,1259.54065,19.24063
2024-11-21 06:50:08,1336.33362,6.92592,1259.54065,19.24063
2024-11-21 06:52:08,1463.55591,6.9283,1323.58325,19.28437
2024-11-21 06:52:08,1463.55591,6.9283,1323.58325,19.28437
2024-11-21 06:54:08,1128.47534,6.92608,1126.33911,19.31562
2024-11-21 06:54:08,1128.47534,6.92608,1126.33911,19.31562
2024-11-21 06:56:08,1098.25879,6.92778,1105.96448,27.0625
2024-11-21 06:56:08,1098.25879,6.92778,1105.96448,27.0625
2024-11-21 06:58:08,1096.87549,6.92626,1106.32446,27.10312
2024-11-21 06:58:08,1096.87549,6.92626,1106.32446,27.10312
2024-11-21 07:00:08,1098.45422,6.92636,1102.7478,27.13125
2024-11-21 07:00:08,1098.45422,6.92636,1102.7478,27.13125
2024-11-21 07:02:08,1101.40906,6.92491,1108.93018,27.1875
2024-11-21 07:02:08,1101.40906,6.92491,1108.93018,27.1875
2024-11-21 07:04:08,1102.30518,6.92563,1111.67859,27.23125
2024-11-21 07:04:08,1102.30518,6.92563,1111.67859,27.23125
2024-11-21 07:06:08,1099.36609,6.92756,1098.59937,27.25625
2024-11-21 07:06:08,1099.36609,6.92756,1098.59937,27.25625
2024-11-21 07:08:08,1832.25195,6.92582,1606.38184,11.88125
2024-11-21 07:08:08,1832.25195,6.92582,1606.38184,11.88125
2024-11-21 07:10:08,1102.30823,6.92455,1097.00476,27.35
2024-11-21 07:10:08,1102.30823,6.92455,1097.00476,27.35
2024-11-21 07:12:08,1608.80066,6.92511,1392.15796,11.94063
2024-11-21 07:12:08,1608.80066,6.92511,1392.15796,11.94063
2024-11-21 07:14:08,1102.34656,6.92082,1094.98547,27.4375
2024-11-21 07:14:08,1102.34656,6.92082,1094.98547,27.4375
2024-11-21 07:16:09,1106.86365,6.92471,1065.76416,27.50625
2024-11-21 07:16:09,1106.86365,6.92471,1065.76416,27.50625
2024-11-21 07:18:10,1100.87427,6.92486,1070.56506,27.5625
2024-11-21 07:18:10,1100.87427,6.92486,1070.56506,27.5625
2024-11-21 07:20:09,1106.08679,6.92366,1073.41736,27.6125
2024-11-21 07:20:09,1106.08679,6.92366,1073.41736,27.6125
2024-11-21 07:22:10,1104.90405,6.92415,1072.93542,27.64062
2024-11-21 07:22:10,1104.90405,6.92415,1072.93542,27.64062
2024-11-21 07:24:09,1102.93018,6.92371,1072.30481,27.70312
2024-11-21 07:24:09,1102.93018,6.92371,1072.30481,27.70312
2024-11-21 07:26:09,1103.59216,6.92249,1073.84607,27.75
2024-11-21 07:26:09,1103.59216,6.92249,1073.84607,27.75
2024-11-21 07:28:10,1102.24561,6.92539,1071.3252,27.8125
2024-11-21 07:28:10,1102.24561,6.92539,1071.3252,27.8125
2024-11-21 07:30:09,1103.37744,6.92564,1066.60376,27.8625
2024-11-21 07:30:09,1103.37744,6.92564,1066.60376,27.8625
2024-11-21 07:32:10,1103.27405,6.92505,1056.70605,27.89375
2024-11-21 07:32:10,1103.27405,6.92505,1056.70605,27.89375
2024-11-21 07:34:09,1099.72351,6.92682,1064.88782,27.95312
2024-11-21 07:34:09,1099.72351,6.92682,1064.88782,27.95312
2024-11-21 07:36:10,1099.99316,6.92463,1066.50757,28
2024-11-21 07:36:10,1099.99316,6.92463,1066.50757,28
2024-11-21 07:38:10,1100.6145,6.92624,1062.45471,28.0625
2024-11-21 07:38:10,1100.6145,6.92624,1062.45471,28.0625
2024-11-21 07:40:11,1096.79883,6.92728,1055.854,28.125
2024-11-21 07:40:11,1096.79883,6.92728,1055.854,28.125
2024-11-21 07:42:12,1092.29639,6.92529,1056.72534,28.18438
2024-11-21 07:42:12,1092.29639,6.92529,1056.72534,28.18438
2024-11-21 07:44:12,1085.96655,6.92424,1054.95007,28.24375
2024-11-21 07:44:12,1085.96655,6.92424,1054.95007,28.24375
2024-11-21 07:46:11,1082.8009,6.92763,1046.32837,28.3125
2024-11-21 07:46:11,1082.8009,6.92763,1046.32837,28.3125
2024-11-21 07:48:11,1081.23401,6.92576,1046.6792,28.375
2024-11-21 07:48:11,1081.23401,6.92576,1046.6792,28.375
2024-11-21 07:50:12,1093.62,6.92704,1203.92188,28.4375
2024-11-21 07:50:12,1093.62,6.92704,1203.92188,28.4375
2024-11-21 07:52:12,1471.76587,6.92406,1491.7063,28.49375
2024-11-21 07:52:12,1471.76587,6.92406,1491.7063,28.49375
2024-11-21 07:54:12,1092.79785,6.92267,1257.32227,28.5625
2024-11-21 07:54:12,1092.79785,6.92267,1257.32227,28.5625
2024-11-21 07:56:14,1088.85632,6.92404,1247.04712,28.625
2024-11-21 07:56:14,1088.85632,6.92404,1247.04712,28.625
2024-11-21 07:58:13,1214.578,6.92386,1319.41406,20.90313
2024-11-21 07:58:13,1214.578,6.92386,1319.41406,20.90313
2024-11-21 08:00:13,1087.09167,6.92471,1224.41418,28.75
2024-11-21 08:00:13,1087.09167,6.92471,1224.41418,28.75
2024-11-21 08:02:13,1317.65222,6.92494,1353.36011,21.02188
2024-11-21 08:02:13,1317.65222,6.92494,1353.36011,21.02188
2024-11-21 08:04:13,1084.06262,6.92346,1201.18481,28.88437
2024-11-21 08:04:13,1084.06262,6.92346,1201.18481,28.88437
2024-11-21 08:06:13,1694.73047,6.92375,1617.96851,21.16562
2024-11-21 08:06:13,1694.73047,6.92375,1617.96851,21.16562
2024-11-21 08:08:13,1085.27161,6.9238,1178.31836,29.05313
2024-11-21 08:08:13,1085.27161,6.9238,1178.31836,29.05313
2024-11-21 08:10:13,1093.97888,6.92411,1163.57361,29.125
2024-11-21 08:10:13,1093.97888,6.92411,1163.57361,29.125
2024-11-21 08:12:13,1300.93579,6.92296,1277.12781,29.24688
2024-11-21 08:12:13,1300.93579,6.92296,1277.12781,29.24688
2024-11-21 08:14:13,1140.99146,6.92384,1157.22766,29.3125
2024-11-21 08:14:13,1140.99146,6.92384,1157.22766,29.3125
2024-11-21 08:16:13,1351.08569,6.92328,1265.33191,29.4375
2024-11-21 08:16:13,1351.08569,6.92328,1265.33191,29.4375
2024-11-21 08:18:13,1199.80078,6.92407,1149.03064,29.51875
2024-11-21 08:18:13,1199.80078,6.92407,1149.03064,29.51875
2024-11-21 08:20:15,1244.68884,6.92578,1154.77966,29.65
2024-11-21 08:20:15,1244.68884,6.92578,1154.77966,29.65
2024-11-21 08:22:16,1283.09546,6.92538,1144.32385,29.75937
2024-11-21 08:22:16,1283.09546,6.92538,1144.32385,29.75937
2024-11-21 08:24:16,1313.72314,6.92534,1100.92163,29.88437
2024-11-21 08:24:16,1313.72314,6.92534,1100.92163,29.88437
2024-11-21 08:26:16,1332.26636,6.92756,1097.40027,30
2024-11-21 08:26:16,1332.26636,6.92756,1097.40027,30
2024-11-21 08:28:17,1391.2113,6.9278,1105.87451,30.13125
2024-11-21 08:28:17,1391.2113,6.9278,1105.87451,30.13125
2024-11-21 08:30:17,1418.88818,6.92759,1123.70972,30.25625
2024-11-21 08:30:17,1418.88818,6.92759,1123.70972,30.25625
2024-11-21 08:32:18,1447.8418,6.92669,1139.79321,30.39062
2024-11-21 08:32:18,1447.8418,6.92669,1139.79321,30.39062
2024-11-21 08:34:18,1446.40759,6.92646,1145.69702,30.51875
2024-11-21 08:34:18,1446.40759,6.92646,1145.69702,30.51875
2024-11-21 08:36:19,1451.47131,6.92809,1158.16443,30.67813
2024-11-21 08:36:19,1451.47131,6.92809,1158.16443,30.67813
2024-11-21 08:38:19,1443.5979,6.92802,1149.4137,30.8125
2024-11-21 08:38:19,1443.5979,6.92802,1149.4137,30.8125
2024-11-21 08:40:21,1390.50842,6.92829,1070.98743,30.94375
2024-11-21 08:40:21,1390.50842,6.92829,1070.98743,30.94375
2024-11-21 08:42:21,1395.052,6.92712,1101.12036,31.1
2024-11-21 08:42:21,1395.052,6.92712,1101.12036,31.1
2024-11-21 08:44:21,1373.48914,6.92735,1083.23218,31.25
2024-11-21 08:44:21,1373.48914,6.92735,1083.23218,31.25
2024-11-21 08:46:22,1362.34814,6.92773,1076.9082,31.39375
2024-11-21 08:46:22,1362.34814,6.92773,1076.9082,31.39375
2024-11-21 08:48:22,1346.771,6.92939,1074.48877,31.56562
2024-11-21 08:48:22,1346.771,6.92939,1074.48877,31.56562
2024-11-21 08:50:23,1326.24524,6.93059,1062.09509,31.74688
2024-11-21 08:50:23,1326.24524,6.93059,1062.09509,31.74688
2024-11-21 08:52:23,1345.41602,6.93112,1137.57605,31.8125
2024-11-21 08:52:23,1345.41602,6.93112,1137.57605,31.8125
2024-11-21 08:54:24,1350.36963,6.93189,1152.1366,31.8125
2024-11-21 08:54:24,1350.36963,6.93189,1152.1366,31.8125
2024-11-21 08:56:23,1342.65063,6.93177,1152.92773,31.8125
2024-11-21 08:56:23,1342.65063,6.93177,1152.92773,31.8125
2024-11-21 08:58:24,1341.55481,6.93167,1153.11108,31.8125
2024-11-21 08:58:24,1341.55481,6.93167,1153.11108,31.8125
2024-11-21 09:04:25,1346.39697,6.93244,1155.52368,31.81562
2024-11-21 09:04:25,1346.39697,6.93244,1155.52368,31.81562
2024-11-21 09:06:26,1345.76379,6.93456,1135.71606,31.825
2024-11-21 09:06:26,1345.76379,6.93456,1135.71606,31.825
2024-11-21 09:08:26,1351.58765,6.9337,1158.03333,31.87188
2024-11-21 09:08:26,1351.58765,6.9337,1158.03333,31.87188
2024-11-21 09:10:26,1347.80945,6.9353,1166.81165,31.86875
2024-11-21 09:10:26,1347.80945,6.9353,1166.81165,31.86875
2024-11-21 09:12:27,1338.94226,6.93572,1160.12378,31.86875
2024-11-21 09:12:27,1338.94226,6.93572,1160.12378,31.86875
2024-11-21 09:14:27,1324.18628,6.93524,1082.93628,31.96563
2024-11-21 09:14:27,1324.18628,6.93524,1082.93628,31.96563
2024-11-21 09:16:27,1357.13684,6.93398,1192.75366,31.94062
2024-11-21 09:16:27,1357.13684,6.93398,1192.75366,31.94062
2024-11-21 09:18:28,1348.95105,6.93455,1186.47437,31.93125
2024-11-21 09:18:28,1348.95105,6.93455,1186.47437,31.93125
2024-11-21 09:20:28,1352.29089,6.93483,1177.57495,31.92813
2024-11-21 09:20:28,1352.29089,6.93483,1177.57495,31.92813
2024-11-21 09:22:28,1343.08374,6.93503,1184.14465,31.91875
2024-11-21 09:22:28,1343.08374,6.93503,1184.14465,31.91875
2024-11-21 09:24:28,1332.07251,6.9346,1142.68115,31.925
2024-11-21 09:24:28,1332.07251,6.9346,1142.68115,31.925
2024-11-21 09:26:28,1666.88818,6.93431,1373.96851,23.99063
2024-11-21 09:26:28,1666.88818,6.93431,1373.96851,23.99063
2024-11-21 09:28:39,1339.73962,6.93602,1178.96875,31.93125
2024-11-21 09:28:39,1339.73962,6.93602,1178.96875,31.93125
2024-11-21 09:30:39,1334.31409,6.93488,1181.61206,31.90625
2024-11-21 09:30:39,1334.31409,6.93488,1181.61206,31.90625
2024-11-21 09:32:39,1335.02612,6.93596,1183.08179,31.87812
2024-11-21 09:32:39,1335.02612,6.93596,1183.08179,31.87812
2024-11-21 09:34:39,1332.15649,6.93357,1183.26685,31.87188
2024-11-21 09:34:39,1332.15649,6.93357,1183.26685,31.87188
2024-11-21 09:37:03,1333.21057,6.93611,1174.93835,31.85938
2024-11-21 09:37:03,1333.21057,6.93611,1174.93835,31.85938
2024-11-21 09:39:03,1334.77136,6.93453,1174.89319,31.84375
2024-11-21 09:39:03,1334.77136,6.93453,1174.89319,31.84375
2024-11-21 09:41:03,1335.328,6.9358,1187.77124,31.87188
2024-11-21 09:41:03,1335.328,6.9358,1187.77124,31.87188
2024-11-21 09:43:03,1335.58203,6.93658,1176.27393,31.86875
2024-11-21 09:43:03,1335.58203,6.93658,1176.27393,31.86875
2024-11-21 09:45:04,1312.65784,6.93242,1081.44434,31.93438
2024-11-21 09:45:04,1312.65784,6.93242,1081.44434,31.93438
2024-11-21 09:47:04,1313.22717,6.93138,1078.60876,32.05
2024-11-21 09:47:04,1313.22717,6.93138,1078.60876,32.05
2024-11-21 09:49:04,1309.12341,6.93071,1078.07556,32.1875
2024-11-21 09:49:04,1309.12341,6.93071,1078.07556,32.1875
2024-11-21 09:51:05,1305.64062,6.93036,1068.54541,32.30625
2024-11-21 09:51:05,1305.64062,6.93036,1068.54541,32.30625
2024-11-21 09:53:05,1319.77649,6.93117,1108.3418,32.37812
2024-11-21 09:53:05,1319.77649,6.93117,1108.3418,32.37812
2024-11-21 09:55:12,1333.83752,6.93134,1164.09717,32.38438
2024-11-21 09:55:12,1333.83752,6.93134,1164.09717,32.38438
2024-11-21 09:57:11,1334.47986,6.93264,1132.06873,32.3875
2024-11-21 09:57:11,1334.47986,6.93264,1132.06873,32.3875
2024-11-21 09:59:11,1341.44507,6.93238,1157.63135,32.38438
2024-11-21 09:59:11,1341.44507,6.93238,1157.63135,32.38438
2024-11-21 10:01:12,1309.35693,6.92933,1067.85608,32.42812
2024-11-21 10:01:12,1309.35693,6.92933,1067.85608,32.42812
2024-11-21 10:03:11,1321.37683,6.93085,1069.82605,32.5
2024-11-21 10:03:11,1321.37683,6.93085,1069.82605,32.5
2024-11-21 10:05:11,1350.55408,6.9311,1146.98926,32.50625
2024-11-21 10:05:11,1350.55408,6.9311,1146.98926,32.50625
2024-11-21 10:07:13,1607.35901,6.93043,1275.7677,32.525
2024-11-21 10:07:13,1607.35901,6.93043,1275.7677,32.525
2024-11-21 10:09:13,1303.93567,6.92851,1060.94104,32.625
2024-11-21 10:09:13,1303.93567,6.92851,1060.94104,32.625
2024-11-21 10:11:14,1321.18762,6.93089,1060.14966,32.69062
2024-11-21 10:11:14,1321.18762,6.93089,1060.14966,32.69062
2024-11-21 10:13:15,1313.84558,6.92913,1057.71948,32.78437
2024-11-21 10:13:15,1313.84558,6.92913,1057.71948,32.78437
2024-11-21 10:15:16,1324.82678,6.93091,1067.32312,32.8625
2024-11-21 10:15:16,1324.82678,6.93091,1067.32312,32.8625
2024-11-21 10:17:17,1350.375,6.92967,1081.59485,32.94688
2024-11-21 10:17:17,1350.375,6.92967,1081.59485,32.94688
2024-11-21 10:19:17,1351.02466,6.93056,1093.19751,33.0625
2024-11-21 10:19:17,1351.02466,6.93056,1093.19751,33.0625
2024-11-21 10:21:17,1345.00171,6.93082,1090.94385,33.175
2024-11-21 10:21:17,1345.00171,6.93082,1090.94385,33.175
2024-11-21 10:23:17,1339.70618,6.93149,1087.10168,33.2625
2024-11-21 10:23:17,1339.70618,6.93149,1087.10168,33.2625
2024-11-21 10:25:18,1345.3158,6.93154,1097.16333,33.37188
2024-11-21 10:25:18,1345.3158,6.93154,1097.16333,33.37188
2024-11-21 10:27:19,1342.02576,6.93008,1090.45972,33.4875
2024-11-21 10:27:19,1342.02576,6.93008,1090.45972,33.4875
2024-11-21 10:29:21,1348.67773,6.92916,1133.56409,33.5
2024-11-21 10:29:21,1348.67773,6.92916,1133.56409,33.5
2024-11-21 10:31:20,1356.97449,6.92903,1182.04102,33.49062
2024-11-21 10:31:20,1356.97449,6.92903,1182.04102,33.49062
2024-11-21 10:33:20,1348.32727,6.92919,1123.46826,33.5
2024-11-21 10:33:20,1348.32727,6.92919,1123.46826,33.5
2024-11-21 10:35:21,1342.23987,6.92979,1069.65161,33.5
2024-11-21 10:35:21,1342.23987,6.92979,1069.65161,33.5
2024-11-21 10:37:21,1345.98145,6.93057,1060.88684,33.54688
2024-11-21 10:37:21,1345.98145,6.93057,1060.88684,33.54688
2024-11-21 10:39:21,1343.96277,6.93069,1074.77515,33.60938
2024-11-21 10:39:21,1343.96277,6.93069,1074.77515,33.60938
2024-11-21 10:41:21,1347.51562,6.93161,1081.01135,33.65313
2024-11-21 10:41:21,1347.51562,6.93161,1081.01135,33.65313
2024-11-21 10:43:22,1347.78638,6.9305,1107.37671,33.6875
2024-11-21 10:43:22,1347.78638,6.9305,1107.37671,33.6875
2024-11-21 10:45:22,1342.52686,6.93089,1083.82739,33.76562
2024-11-21 10:45:22,1342.52686,6.93089,1083.82739,33.76562
2024-11-21 10:47:23,1349.33228,6.93176,1122.09888,33.82812
2024-11-21 10:47:23,1349.33228,6.93176,1122.09888,33.82812
2024-11-21 10:49:23,1332.38916,6.93132,1077.54028,33.89375
2024-11-21 10:49:23,1332.38916,6.93132,1077.54028,33.89375
2024-11-21 10:51:23,1327.46301,6.93123,1075.06177,33.98438
2024-11-21 10:51:23,1327.46301,6.93123,1075.06177,33.98438
2024-11-21 10:55:24,1327.4884,6.9339,1086.05591,34.05312
2024-11-21 10:55:24,1327.4884,6.9339,1086.05591,34.05312
2024-11-21 10:57:24,1335.55322,6.93209,1090.28003,34.125
2024-11-21 10:57:24,1335.55322,6.93209,1090.28003,34.125
2024-11-21 10:59:25,1323.59131,6.93126,1077.56091,34.1875
2024-11-21 10:59:25,1323.59131,6.93126,1077.56091,34.1875
2024-11-21 11:01:27,1326.64551,6.93335,1057.48694,34.25
2024-11-21 11:01:27,1326.64551,6.93335,1057.48694,34.25
2024-11-21 11:03:26,1337.91809,6.93157,1119.23657,34.25312
2024-11-21 11:03:26,1337.91809,6.93157,1119.23657,34.25312
2024-11-21 11:05:26,1328.32043,6.93195,1086.35254,34.32812
2024-11-21 11:05:26,1328.32043,6.93195,1086.35254,34.32812
2024-11-21 11:07:27,1328.00464,6.9341,1077.83997,34.33125
2024-11-21 11:07:27,1328.00464,6.9341,1077.83997,34.33125
2024-11-21 11:09:27,1327.42542,6.93427,1075.32678,34.36875
2024-11-21 11:09:27,1327.42542,6.93427,1075.32678,34.36875
2024-11-21 11:11:27,1309.3573,6.93292,1032.51917,34.4375
2024-11-21 11:11:27,1309.3573,6.93292,1032.51917,34.4375
2024-11-21 11:13:28,1304.60815,6.93668,1036.974,34.49688
2024-11-21 11:13:28,1304.60815,6.93668,1036.974,34.49688
2024-11-21 11:15:28,1306.60193,6.93403,1023.76935,34.55
2024-11-21 11:15:28,1306.60193,6.93403,1023.76935,34.55
2024-11-21 11:17:28,1305.53711,6.93593,1025.25903,34.59687
2024-11-21 11:17:28,1305.53711,6.93593,1025.25903,34.59687
2024-11-21 11:19:28,1302.99451,6.93282,1021.40527,34.6375
2024-11-21 11:19:28,1302.99451,6.93282,1021.40527,34.6375
2024-11-21 11:21:30,1302.08667,6.9344,1017.98907,34.68438
2024-11-21 11:21:30,1302.08667,6.9344,1017.98907,34.68438
2024-11-21 11:23:29,1293.64697,6.93533,741.41406,34.74375
2024-11-21 11:23:29,1293.64697,6.93533,741.41406,34.74375
2024-11-21 11:25:29,1303.09424,6.93534,741.79706,34.77187
2024-11-21 11:25:29,1303.09424,6.93534,741.79706,34.77187
2024-11-21 11:27:31,1295.30237,6.93624,743.26294,34.8125
2024-11-21 11:27:31,1295.30237,6.93624,743.26294,34.8125
2024-11-21 11:29:31,1295.90442,6.93628,739.22357,34.875
2024-11-21 11:29:31,1295.90442,6.93628,739.22357,34.875
2024-11-21 11:31:31,1298.35449,6.93543,740.8573,34.90937
2024-11-21 11:31:31,1298.35449,6.93543,740.8573,34.90937
2024-11-21 11:33:32,1292.37012,6.9369,734.02399,34.9375
2024-11-21 11:33:32,1292.37012,6.9369,734.02399,34.9375
2024-11-21 11:35:32,1296.64209,6.9357,733.36487,34.9375
2024-11-21 11:35:32,1296.64209,6.9357,733.36487,34.9375
2024-11-21 11:37:32,1299.00269,6.93347,730.54926,34.99375
2024-11-21 11:37:32,1299.00269,6.93347,730.54926,34.99375
2024-11-21 11:39:34,1300.76953,6.93561,731.89069,35.0125
2024-11-21 11:39:34,1300.76953,6.93561,731.89069,35.0125
2024-11-21 11:41:34,1298.33557,6.93653,731.19275,35.05625
2024-11-21 11:41:34,1298.33557,6.93653,731.19275,35.05625
2024-11-21 11:43:34,1289.90625,6.93778,733.26227,35.0625
2024-11-21 11:43:34,1289.90625,6.93778,733.26227,35.0625
2024-11-21 11:45:34,1291.09009,6.93659,734.31799,35.1125
2024-11-21 11:45:34,1291.09009,6.93659,734.31799,35.1125
2024-11-21 11:47:35,1290.33923,6.9378,727.66315,35.12188
2024-11-21 11:47:35,1290.33923,6.9378,727.66315,35.12188
2024-11-21 11:49:35,1286.13611,6.94018,727.26996,35.13438
2024-11-21 11:49:35,1286.13611,6.94018,727.26996,35.13438
2024-11-21 11:51:35,1291.70862,6.93589,729.38159,35.16875
2024-11-21 11:51:35,1291.70862,6.93589,729.38159,35.16875
2024-11-21 11:53:35,1288.67236,6.93643,727.35364,35.1875
2024-11-21 11:53:35,1288.67236,6.93643,727.35364,35.1875
2024-11-21 11:55:36,1287.81018,6.93723,729.99664,35.21875
2024-11-21 11:55:36,1287.81018,6.93723,729.99664,35.21875
2024-11-21 11:57:36,1281.29211,6.93919,723.91455,35.25
2024-11-21 11:57:36,1281.29211,6.93919,723.91455,35.25
2024-11-21 11:59:37,1282.8291,6.93957,729.88605,35.25625
2024-11-21 11:59:37,1282.8291,6.93957,729.88605,35.25625
2024-11-21 12:01:37,1281.82019,6.93897,728.60089,35.275
2024-11-21 12:01:37,1281.82019,6.93897,728.60089,35.275
2024-11-21 12:03:38,1281.66345,6.94058,723.18518,35.29688
